Watched Stock,First Recommendation,Second Recommendation,Third Recommendation,Fourth Recommendation,Fifth Recommendation, Sixth Recommendation,Seventh Recommendation,Eighth Recommendation,Ninth Recommendation,Tenth Recommendation
MMM,JCI,CLX,GE,HWM,CTSH,SLB,BKR,DOW,VMC,IR
ABT,VTRS,MCK,CTLT,STE,HOLX,CAH,BAX,CLX,ZBH,PFE
ABBV,REGN,BMY,AMGN,GILD,BIIB,INCY,LLY,PFE,VRTX,WST
ABMD,EW,MDT,ISRG,REGN,ABBV,DXCM,GILD,DVA,AMGN,BIIB
ACN,EPAM,FTV,OMC,NOW,CTXS,J,TRMB,ORCL,AON,ALLE
ATVI,EA,TTWO,CPRT,AMZN,CDW,ADBE,MSFT,CDAY,NVDA,NFLX
ADBE,MSFT,HPQ,CDW,IT,VRSK,EFX,GPN,NWSA,NWS,QCOM
AAP,AZO,GPC,ORLY,CAT,LKQ,APTV,DOV,SWK,TSLA,GM
AMD,AVGO,INTC,TER,NVDA,NXPI,MCHP,KLAC,SWKS,SNPS,CDNS
AFL,CI,GL,HUM,CVS,OGN,MET,L,MRK,CAH,WRB
A,TMO,FTV,TECH,PKI,IR,BIO,TDY,KEYS,WAT,DHR
APD,LIN,TT,AVY,EMR,FTV,DOV,PPG,DOW,PH,NDSN
AKAM,FTNT,FFIV,NLOK,ANET,NOW,CTXS,CSCO,NTAP,CSGP,ORCL
ALK,LUV,AAL,ODFL,NCLH,ATO,CMG,SRE,EXR,UAL,DRI
ALB,CE,APH,VLO,DD,MNST,HPQ,OXY,CDW,AMAT,MOS
ARE,PLD,UDR,KIM,MAA,BXP,VNO,AVB,PSA,HST,IRM
ALGN,BIIB,BAX,JNJ,BMY,RMD,ZBH,XRAY,SYK,HSIC,MDT
ALLE,DOV,GWW,AVY,SNA,GLW,ANET,FTV,EMR,LUMN,APTV
LNT,CNP,DUK,AEP,AEE,ETR,WEC,CMS,SO,XEL,VLO
GOOGL,GOOGL,AAPL,WDC,BBY,GRMN,ANET,EXPE,ETSY,AMZN,TTWO
GOOG,GOOGL,AAPL,WDC,BBY,GRMN,ANET,EXPE,ETSY,AMZN,TTWO
MO,PM,PKG,KDP,STZ,BBWI,KR,IP,KO,COST,ABC
AMZN,CPRT,EXPE,KDP,WMT,BBY,IT,KMX,GOOG,GOOGL,ATVI
AMCR,AVY,COST,CTLT,IP,WRK,GWW,FAST,DOV,CE,DOW
AEE,CNP,KMI,WEC,DUK,AEP,NRG,D,FE,NI,LNT
AAL,UAL,LUV,DAL,AVB,UHS,PSA,NCLH,BA,ALK,EXPD
AEP,AES,CNP,ETR,XEL,NEE,EXC,AEE,NRG,WEC,DUK
AXP,TRV,GPN,COF,ICE,EFX,RF,CBRE,TFC,FISV,PGR
AIG,L,HIG,CB,ALL,RE,WRB,BRO,AJG,PRU,TRV
AMT,BXP,KIM,VICI,SPG,PLD,WY,HST,PHM,TROW,UDR
AWK,ES,DTE,PPL,D,NI,ED,FE,SRE,DUK,ATO
AMP,WFC,BRO,GS,SIVB,LNC,JKHY,JPM,HBAN,MSCI,BAC
ABC,CAH,BDX,PFE,MRK,BAX,MCK,DGX,WST,VTRS,CTLT
AME,TXN,IR,WAT,NDSN,EMR,TER,DOV,LIN,PH,GWW
AMGN,BMY,ABBV,BIIB,ISRG,REGN,GILD,INCY,PFE,HOLX,BDX
APH,TEL,DD,CDW,DHR,IEX,HPQ,AMAT,SWKS,LUMN,LDOS
ADI,MPWR,SNPS,LRCX,KEYS,TXN,TER,AVGO,TDY,MCHP,ANSS
ANSS,EPAM,TRMB,FTV,TER,KEYS,APTV,ROP,ADI,CDNS,KLAC
AON,MMC,PFG,OMC,L,CME,STT,BR,ACN,RE,PAYX
AOS,LIN,MAS,EMR,PNR,ECL,TT,GNRC,MPC,CF,POOL
AAPL,GOOG,GOOGL,WDC,GRMN,BBY,TMUS,CE,STX,NXPI,NVDA
AMAT,DD,KLAC,APH,AVGO,TER,SWKS,LRCX,TEL,DHR,CDW
APTV,FTV,DOV,PH,ANSS,GPC,EMR,EPAM,GWW,ALLE,NDSN
ADM,NSC,SJM,DE,MOS,FMC,TEL,DHR,HSY,COST,APH
ANET,LUMN,CSCO,NOW,CTXS,JNPR,FTNT,ORCL,AKAM,LIN,MCHP
AJG,RE,HIG,L,BRO,WRB,FISV,SCHW,AMP,STT,PFG
AIZ,PFG,HIG,L,C,BAC,CSGP,COST,FIS,FRC,BR
T,LUMN,VZ,CHTR,QRVO,ANET,TMUS,JNPR,CSCO,FTNT,GRMN
ATO,NI,SRE,D,DUK,EOG,XOM,PPL,WEC,FE,EVRG
ADSK,NVDA,ANSS,EPAM,PH,MCHP,CDNS,DOW,TRMB,SNPS,ROP
ADP,PAYC,PAYX,NOW,CTXS,J,DXC,MMC,IBM,CSGP,ORCL
AZO,AAP,GPC,ORLY,APTV,LKQ,SWK,GM,DOV,AVY,SNA
AVB,MAA,PSA,ESS,PLD,CPT,AAL,ARE,KIM,PHM,BXP
AVY,AMCR,GLW,ALLE,DOV,DOW,PPG,EMN,LIN,APD,CE
BKR,SLB,PSX,KMI,HES,COP,OXY,GE,AEE,MMM,WMB
BAC,USB,CMA,WFC,C,CFG,MS,PNC,KEY,STT,SBNY
BBWI,WBA,ULTA,COST,PG,CLX,TGT,ABC,ABT,CL,CHD
BAX,CAH,MDT,BDX,JNJ,PFE,ZBH,VTRS,TMO,TFX,MRK
BDX,MDT,BAX,PFE,TFX,CAH,TMO,ABC,ZBH,WST,RMD
BRK-B,XEL,CSX,OKE,EXC,NSC,EVRG,LIN,WEC,AIG,SO
BBY,WDC,COST,GWW,GOOG,GOOGL,AMZN,INTC,KHC,GM,TSLA
BIIB,INCY,BMY,AMGN,ABBV,REGN,VRTX,GILD,ALGN,RMD,CDNS
BIO,TMO,TECH,ECL,IDXX,PKI,ILMN,CAH,CTLT,PFE,DHR
TECH,BIO,TMO,ILMN,WAT,IDXX,DHR,PKI,CTLT,PFE,CAH
BLK,IVZ,STT,PFG,NTRS,SCHW,MS,RJF,FISV,C,BR
BKNG,EXPE,CPRT,FLT,CSGP,ETSY,AMZN,EBAY,MA,DISH,KDP
BWA,GE,CMI,SLB,HWM,TSLA,IBM,JCI,BKR,VLO,LIN
BXP,HST,KIM,PLD,UDR,AMT,VICI,ESS,ARE,MAA,CPT
BSX,DHR,OGN,MDT,CAH,BDX,BAX,HOLX,IQV,TFX,BIIB
BMY,GILD,REGN,PFE,ABBV,AMGN,BIIB,INCY,WST,MDT,BDX
AVGO,KLAC,TER,AMD,NXPI,LRCX,MPWR,SWKS,TXN,SNPS,ADI
BR,STT,FISV,FIS,PFG,C,MS,RJF,BAC,MA,MKTX
BRO,AMP,LNC,RE,WFC,AJG,HIG,PRU,SIVB,AIG,L
BF-B,STZ,KO,MNST,TAP,AVY,KDP,COST,PEP,AMCR,KHC
CDNS,SNPS,EPAM,TER,KLAC,KEYS,LRCX,ANSS,ZBRA,WAT,BIIB
CZR,MGM,VICI,NFLX,WYNN,ZION,AVB,LUV,LVS,CMG,PSA
CPT,HST,AVB,PLD,MAA,UDR,WY,VNO,BXP,KIM,VICI
CPB,GIS,HRL,MKC,KHC,SJM,SYY,K,PEP,KDP,COST
COF,RF,TFC,SYF,HBAN,AXP,USB,KEY,BAC,CFG,C
CAH,BAX,VTRS,ABC,MRK,BDX,ZBH,RMD,MCK,PFE,ABT
KMX,F,AMZN,GM,KR,TGT,ORLY,COST,EXPE,TMUS,TSLA
CCL,NCLH,RCL,MAR,HLT,BBWI,LUV,COST,STZ,MGM,AAL
CARR,IEX,XYL,TEL,FBHS,SHW,DHR,MHK,AOS,ROK,DD
CTLT,MCK,ABT,CLX,TMO,VTRS,HOLX,PFE,STE,BAX,BDX
CAT,MLM,VMC,SWK,AAP,LIN,DOV,NSC,AZO,GPC,FAST
CBOE,ICE,SPGI,MET,C,AMP,AJG,MS,RE,MSCI,FISV
CBRE,RF,TRV,AXP,COF,ICE,TROW,EFX,TFC,STT,RHI
CDW,MSFT,HPQ,TEL,APH,DD,DHR,EFX,LDOS,ICE,RHI
CE,ALB,AVY,APH,DD,AMCR,SJM,GLW,VLO,LIN,CTLT
CNC,CVS,CI,UNH,HCA,HUM,VTRS,MCK,MET,CAH,GL
CNP,LNT,AEP,AEE,XEL,DUK,ETR,SO,WEC,EXC,OKE
CDAY,INTU,CDW,MSFT,PAYC,ANET,IT,NOW,CTXS,ATVI,BBY
CF,MPC,CMI,LIN,VLO,WEC,AOS,NRG,SO,LYB,AME
CRL,IT,BSX,VRSK,DHR,RHI,EFX,IQV,DD,TEL,IEX
CHTR,T,VZ,DISH,FTNT,NLOK,AKAM,LUMN,ANET,NFLX,CSCO
CVX,HES,OXY,MPC,XOM,WMB,HAL,COP,OKE,PSX,CTRA
CMG,EXR,YUM,DPZ,DRI,MCD,CZR,MGM,PSA,AVB,ZION
CHRW,GWW,EXPD,CSX,WRB,NSC,RE,C,L,AJG,AIZ
CB,AIG,ALL,HIG,L,BRO,WFC,RE,BAC,CI,AIZ
CHD,HSY,SJM,KMB,FBHS,SHW,MHK,CE,BBWI,CL,PG
CI,CVS,HUM,HCA,L,CNC,UNH,MET,ABC,HIG,MCK
CINF,MET,L,WRB,LNC,PGR,HIG,TRV,BRO,CI,AIG
CTAS,GWW,COST,ALL,AIG,FAST,GM,AIZ,BRO,AMCR,RE
CSCO,ANET,JNPR,FTNT,LUMN,MCHP,ORCL,AKAM,T,SWKS,FFIV
C,BAC,FIS,MS,WFC,SIVB,CMA,RJF,BK,STT,FISV
CFG,KEY,BAC,USB,PNC,MTB,FRC,CMA,C,SYF,HBAN
CTXS,NOW,FFIV,ORCL,ANET,EPAM,ADP,LUMN,ROP,NTAP,IBM
CME,STT,L,AON,AJG,MS,BR,RE,PFG,HIG,AIG
CMS,DTE,DUK,WEC,NI,D,AEE,LNT,PEG,FE,NRG
CTSH,IBM,DXC,J,ACN,MMM,TDY,INTU,JCI,BRO,GE
CL,PG,IFF,JNJ,CLX,COST,EL,CTLT,ABC,MRK,BAX
CMCSA,LUMN,NLSN,DIS,T,MAR,NWSA,NWS,EXPE,VZ,ETN
CMA,BAC,SBNY,C,USB,CFG,MTB,SCHW,FIS,STT,MS
CAG,SYY,HRL,K,GIS,TGT,LW,KR,KHC,CPB,HSY
COP,HES,XOM,OXY,CVX,OKE,MPC,BKR,KMI,CTRA,MRO
ED,PPL,DTE,D,DUK,FE,NI,ATO,AWK,SRE,EIX
STZ,BF-B,TAP,KO,PEP,KDP,MNST,COST,BBWI,KHC,VLO
CPRT,AMZN,EXPE,EA,ATVI,BKNG,CSGP,IT,FLT,TTWO,GOOG
GLW,AVY,LUMN,SWKS,ALLE,DOV,TDY,WDC,ANET,INTC,DOW
CTVA,FMC,IDXX,ZTS,ILMN,ADM,ROP,ROL,BIO,TECH,SEE
CSGP,DXC,FIS,BR,AIZ,MA,CTXS,FISV,PAYC,ANET,EXPE
COST,KR,CTAS,GWW,LOW,DG,KHC,AMCR,GIS,AIZ,BBWI
CTRA,MRO,DVN,XOM,FANG,PXD,OKE,HES,EOG,WMB,CVX
CCI,TMUS,DTE,DLR,T,IRM,ED,VZ,EIX,FE,EXR
CSX,NSC,CHRW,BRK-B,UNP,OKE,XEL,WAB,CAT,EXC,FAST
CMI,BWA,CF,MPC,MTD,WEC,LIN,VLO,GE,NRG,COP
CVS,CI,HCA,CNC,HUM,UNH,MCK,ABC,CAH,MRK,VTRS
DHR,IEX,DD,TEL,BSX,XYL,APH,IQV,TECH,CDW,TMO
DRI,YUM,MCD,EXR,CMG,DPZ,K,TGT,VICI,BBWI,WY
DVA,ABMD,ABBV,BSX,REGN,ZBH,CAH,BAX,ABT,DXCM,STE
DE,ADM,NSC,WHR,SWK,JCI,BRO,GE,MMM,CAT,TSCO
DAL,AAL,UAL,EXPD,EXPE,TXT,WRB,LUV,COST,CHRW,NWSA
XRAY,HSIC,ALGN,CL,ZBH,STE,BMY,IDXX,ISRG,BDX,BIO
DVN,CTRA,PXD,MRO,FANG,EOG,XOM,KMI,NI,ATO,WEC
DXCM,LLY,REGN,ABMD,BIIB,GILD,BMY,ABBV,HOLX,MDT,ISRG
FANG,PXD,CTRA,MRO,EOG,DVN,XOM,WMB,KMI,OXY,ATO
DLR,EQIX,DXC,TDY,CRM,NOW,IBM,CCI,CTSH,PTC,EQR
DFS,CFG,SYF,KEY,FRC,MA,PNC,FITB,BAC,BK,PYPL
DISH,NFLX,CHTR,VZ,DFS,TMUS,FOX,FOXA,PYPL,EXPE,T
DG,COST,DLTR,GIS,MDLZ,CPB,KHC,SJM,HSY,HRL,K
DLTR,DG,ROST,TGT,GIS,HSY,WBA,KMX,COST,AMZN,HRL
D,DUK,FE,NI,PPL,NRG,SRE,ATO,DTE,EVRG,WEC
DPZ,YUM,MCD,CMG,HSY,DRI,TGT,HRL,EXR,SJM,K
DOV,FTV,ALLE,SNA,NDSN,GWW,DOW,AVY,PH,APTV,SWK
DOW,DOV,AVY,EMN,FTV,IR,KEYS,LIN,APD,TDY,GLW
DHI,LEN,PHM,NVR,LOW,HD,FBHS,URI,CBRE,WRB,CINF
DTE,PPL,CMS,NI,D,FE,NRG,ED,DUK,EVRG,ES
DUK,D,FE,WEC,NRG,CMS,NI,AEE,LNT,SO,SRE
DRE,KIM,PSA,PLD,AVB,BXP,SPG,FE,ESS,EXR,AAL
DD,AMAT,DHR,APH,TEL,HPQ,CDW,ROK,TER,MSFT,IEX
DXC,CTSH,IBM,PTC,CSGP,J,ADP,NOW,TDY,ANET,ZBRA
EMN,DOW,AVY,LYB,DOV,LIN,APD,WAT,CE,EMR,AMCR
ETN,JCI,HON,GE,TDG,MMM,LIN,EMR,NOC,BWA,IR
EBAY,ETSY,PYPL,EXPE,GOOG,GOOGL,CSGP,BKNG,MA,AMZN,DFS
ECL,TMO,BIO,TECH,AOS,CAH,EMR,BAX,PKI,PNR,CLX
EIX,FE,NRG,EVRG,NI,PNW,DTE,PPL,WEC,SRE,D
EW,MDT,ABMD,BMY,REGN,TFX,ISRG,WST,ZBH,BAX,GILD
EA,TTWO,ATVI,CPRT,NVDA,HAS,NFLX,WDC,GOOG,GOOGL,AMZN
LLY,GILD,PFE,ABBV,DXCM,ABT,BMY,MRK,HOLX,WST,WBA
EMR,LIN,TT,SWK,GWW,IR,JCI,AOS,J,WAT,ANET
ENPH,SEDG,MPWR,ON,XEL,GNRC,PWR,AES,NEE,AEP,SWKS
ETR,AEP,NEE,CNP,DUK,AES,NRG,EXC,WEC,XEL,PEG
EOG,XOM,ATO,FANG,CTRA,NEM,PXD,MRO,DVN,OXY,NI
EPAM,ANSS,ACN,FTV,ROP,CDNS,CTXS,KEYS,TRMB,NOW,WAT
EFX,RHI,GPN,VRSK,TYL,AXP,TEL,IQV,TRV,CDW,HPQ
EQIX,DLR,PTC,DXC,CRM,NOW,FFIV,TDY,AKAM,CTXS,PEAK
EQR,REG,MAA,UDR,ESS,VNO,AVB,SPG,HST,WELL,PEAK
ESS,MAA,AVB,BXP,PSA,KIM,HST,EXR,EQR,UDR,O
ETSY,EBAY,EXPE,CSGP,GWW,GOOG,GOOGL,AMZN,BKNG,BBY,CPRT
RE,AJG,L,HIG,BRO,AIG,PFG,WRB,STT,AMP,C
EVRG,FE,NRG,PNW,NI,WEC,DUK,D,PPL,NEE,EIX
ES,PEG,NI,PPL,AWK,FE,DTE,WEC,DUK,D,NRG
EXC,AEP,XEL,AES,NEE,CNP,ETR,NRG,BRK-B,LIN,EMR
EXPE,BKNG,AMZN,EBAY,CSGP,CPRT,KDP,ETSY,GOOG,GOOGL,NWS
EXPD,CHRW,DAL,GWW,EMR,LHX,JCI,RE,LUMN,TDG,COST
EXR,PSA,CMG,IRM,KIM,MAA,AVB,ZION,PLD,YUM,DRI
XOM,CTRA,EOG,CVX,ATO,HES,OXY,MPC,MRO,COP,OKE
FFIV,CTXS,NOW,AKAM,FTNT,NTAP,ANET,ORCL,LUMN,EPAM,CSCO
FDS,STT,MS,GS,BK,FIS,BAC,C,SCHW,NTRS,PRU
FAST,GWW,SWK,NUE,DOV,SNA,CTAS,COST,AMCR,LIN,ALLE
FRT,REG,EQR,VNO,PEAK,INVH,VTR,UDR,DLR,IRM,PLD
FDX,ODFL,ROST,TGT,AAL,ZION,CHRW,EXR,LNC,ATO,VZ
FIS,FISV,C,STT,BR,BAC,MS,NDAQ,CMA,PFG,BK
FITB,PNC,KEY,WFC,HBAN,FRC,JKHY,CFG,BAC,SYF,USB
FE,NRG,D,EVRG,NI,WEC,PPL,DUK,PNW,DTE,NEE
FRC,KEY,WFC,CFG,BAC,FITB,PNC,BK,HBAN,SBNY,SYF
FISV,FIS,BR,C,STT,PFG,SCHW,CMA,AJG,MA,BAC
FLT,MA,MKTX,CSGP,BR,BKNG,CFG,PAYC,DFS,FISV,FIS
FMC,CTVA,ADM,IDXX,BIO,IFF,ILMN,TECH,ZTS,NSC,DE
F,PCAR,GM,KMX,LKQ,GPC,TEL,PGR,AXP,COF,TSLA
FTNT,CSCO,NLOK,AKAM,ANET,JNPR,FFIV,MCHP,LUMN,T,NXPI
FTV,DOV,EPAM,ACN,ANSS,IR,APTV,KEYS,NDSN,EMR,TT
FBHS,SHW,MHK,CHD,CARR,LOW,KMB,IEX,XYL,TEL,CBRE
FOX,FOXA,DISH,NFLX,NWSA,NWS,CMCSA,CZR,ATVI,PGR,F
FOXA,FOXA,DISH,NFLX,NWSA,NWS,CMCSA,CZR,ATVI,PGR,F
BEN,IVZ,BLK,WRB,KEY,SPGI,PFG,FITB,CINF,HBAN,CBRE
FCX,NEM,HES,CTRA,OKE,PNW,XOM,OXY,BKR,BRK-B,COP
GRMN,QRVO,T,GOOGL,GOOG,FTNT,SWKS,MSI,AAPL,ANET,NXPI
IT,EFX,RHI,IQV,CDW,VRSK,ADBE,GPN,MSFT,CPRT,AMZN
GNRC,LIN,EMR,AOS,ENPH,GE,CMI,CF,WDC,NRG,ON
GD,BA,RTX,LMT,HWM,NOC,TXT,HON,GE,JCI,TDG
GE,BWA,SLB,JCI,LIN,NRG,NEE,EMR,HWM,BKR,PEG
GIS,HRL,K,SYY,CPB,LW,SJM,MKC,MDLZ,COST,CAG
GM,F,GPC,COST,TSLA,CTAS,ORLY,AZO,GWW,BBY,SWK
GPC,AZO,AAP,ORLY,SWK,APTV,GWW,LKQ,GM,SNA,DOV
GILD,PFE,BMY,ABBV,WST,INCY,MRNA,LLY,BIIB,MRK,BDX
GPN,AXP,EFX,ICE,FISV,IQV,VRSK,COF,FIS,C,RHI
GL,UNH,MET,LNC,BRO,CINF,CI,HUM,VTRS,MCK,AFL
HAL,CVX,HES,IR,SLB,BKR,CAT,MPC,WAT,NDSN,XOM
HAS,TTWO,EA,VFC,ATVI,COST,AIZ,LOW,DIS,CPRT,NKE
HCA,CI,CVS,CAH,CNC,VTRS,BAX,MCK,MRK,UHS,ABC
PEAK,VTR,WELL,INVH,UDR,EQR,REG,MAA,PLD,FRT,DLR
HSIC,XRAY,ALGN,STE,ZBH,BDX,CL,BAX,CAH,BMY,MDT
HES,CVX,COP,OXY,MPC,XOM,WMB,CTRA,OKE,BKR,MRO
HPE,PTC,NVDA,STX,WDC,MCHP,ANET,FTNT,GLW,LUMN,WAT
HLT,MAR,CCL,LVS,CMCSA,MGM,CBRE,DIS,WRB,BBWI,RE
HOLX,ABT,CTLT,STE,PFE,MCK,OGN,VTRS,CAH,ZBH,GILD
HON,NOC,TDG,ETN,BA,LMT,GD,TXT,LHX,RTX,HWM
HRL,GIS,K,LW,SYY,SJM,SEE,CAG,CPB,TSN,HSY
HST,BXP,VICI,UDR,PLD,KIM,CPT,MAA,IRM,ESS,REG
HWM,GD,RTX,BA,BWA,GE,PH,MMM,JCI,LMT,HON
HPQ,CDW,MSFT,TEL,DD,ROK,APH,EFX,ADBE,SHW,DHR
HUM,CI,OGN,CVS,TRV,PGR,UNH,CNC,HCA,MCK,LDOS
HBAN,JPM,WFC,JKHY,KEY,FITB,AMP,BAC,SIVB,USB,CFG
HII,GD,DHR,ROK,MHK,DD,LKQ,APH,FBHS,BSX,TEL
IEX,XYL,DHR,TEL,APH,CARR,LDOS,CDW,DD,EFX,RHI
IDXX,TECH,TMO,BIO,ZTS,MRK,DGX,ILMN,PKI,BAX,CAH
ITW,GIS,NWL,SWK,EMR,SEE,DOV,MTD,AMCR,HRL,TT
ILMN,TMO,TECH,BIO,PKI,IDXX,BAX,DGX,PFE,BDX,CTLT
INCY,VRTX,BIIB,BMY,ABBV,GILD,MRNA,AMGN,REGN,HOLX,CDNS
IR,NDSN,FTV,EMR,AME,PH,WAT,DOV,TT,KEYS,PWR
INTC,AMD,WDC,TER,NVDA,JNPR,SWKS,GLW,MCHP,ALLE,STX
ICE,AXP,GPN,COF,FISV,RE,C,TRV,AJG,CBOE,CDW
IBM,CTSH,INTU,DXC,JKHY,J,CTXS,ORCL,MSCI,NOW,AMP
IFF,EL,CL,MKC,CTLT,PG,CLX,AVY,PFE,MDLZ,AMCR
IP,WRK,PKG,AMCR,AVY,DOW,ZBRA,HPQ,EMN,CE,DD
INTU,IBM,AMP,JKHY,BRO,CSGP,PAYC,CTSH,CDAY,WFC,J
ISRG,AMGN,MDT,RMD,BDX,TFX,ABMD,BAX,EW,BMY,ALGN
IVZ,BLK,STT,PFG,NTRS,SCHW,RJF,FISV,C,MS,BR
INVH,PEAK,REG,FRT,EQR,UDR,VTR,WELL,EQIX,CPT,HD
IQV,VRSK,EFX,DHR,GPN,MSFT,RHI,LDOS,TEL,IT,CDW
IRM,KIM,PLD,EXR,UDR,HST,VICI,BXP,ARE,SPG,VNO
JKHY,HBAN,AMP,WFC,FITB,JPM,GS,PNC,SIVB,KEY,LNC
J,ADP,EMR,MMC,IBM,DXC,CTSH,PAYX,ACN,EPAM,ANET
JBHT,ODFL,WEC,KMI,MTD,WM,FE,NSC,D,DE,PSA
JNJ,BAX,PFE,CAH,BDX,MRK,CL,ZBH,ALGN,ABT,BMY
JCI,MMM,GE,LIN,EMR,ETN,SLB,GWW,MTD,TT,IR
JPM,HBAN,SIVB,AMP,WFC,JKHY,GS,BAC,BRO,LNC,C
JNPR,CSCO,LUMN,ANET,FTNT,T,INTC,SWKS,WDC,ALLE,QRVO
K,GIS,HRL,HSY,MDLZ,LW,SJM,CAG,YUM,PEP,CPB
KDP,STZ,MNST,CPB,AMZN,KO,KR,EXPE,COST,TAP,SJM
KEY,FITB,CFG,USB,FRC,PNC,HBAN,BAC,SYF,WFC,C
KEYS,ADI,FTV,SNPS,TER,EPAM,SWKS,ANSS,CDNS,TDY,MCHP
KMB,CHD,SHW,OGN,VFC,IEX,DHR,FBHS,BSX,PG,CL
KIM,PLD,BXP,SPG,ARE,IRM,DRE,HST,MAA,VNO,UDR
KMI,AEE,PSX,WEC,BKR,WMB,OKE,SLB,COP,NI,MRO
KLAC,TER,AVGO,LRCX,CDNS,AMAT,MPWR,SNPS,SWKS,ADI,ANSS
LHX,NOC,EPAM,HON,RTX,TDG,EXPD,ROP,ANSS,ACN,PH
LH,DGX,TECH,GILD,MRK,CAH,BIO,HOLX,ABT,WAT,LLY
LW,HRL,GIS,SYY,K,KHC,CAG,HSY,SJM,CPB,MKC
LRCX,KLAC,TER,SNPS,AVGO,ADI,MPWR,CDNS,AMAT,TXN,KEYS
LVS,MGM,HLT,VICI,CZR,DIS,MAR,CMCSA,CCL,WYNN,REG
LDOS,TEL,IQV,DHR,CDW,IEX,APH,HPQ,EFX,MSFT,VRSK
LEN,DHI,NVR,HD,PHM,LOW,URI,FBHS,CINF,WHR,WRB
LNC,AMP,BRO,WFC,JKHY,HBAN,PRU,JPM,HIG,PFG,AJG
LIN,EMR,JCI,APD,AOS,GWW,ANET,GE,SWK,AVY,TDY
LYV,EXPE,AMZN,BKNG,CPRT,ADBE,KDP,CMCSA,FLT,NLSN,MGM
LKQ,GPC,TEL,AZO,AAP,ROK,APH,F,SHW,ORLY,DD
LMT,RTX,NOC,GD,BA,HON,HWM,JCI,MMM,ETN,TDG
L,WRB,HIG,AIG,RE,AJG,ALL,BRO,PFG,PRU,TRV
LOW,HD,LEN,DHI,NVR,COST,FBHS,URI,AIZ,KR,GWW
LUMN,ANET,CSCO,T,JNPR,GLW,CTXS,MSI,ORCL,SWKS,QRVO
LYB,EMN,MTD,LIN,MPC,CMI,OXY,CF,JCI,WEC,HES
MTB,CFG,CMA,USB,BAC,KEY,FITB,HBAN,RF,C,SBNY
MRO,CTRA,PXD,FANG,DVN,XOM,OKE,OXY,HES,ATO,WMB
MPC,WMB,HES,CVX,VLO,OKE,OXY,XOM,CF,COP,WEC
MKTX,BR,FISV,FIS,MS,STT,FLT,MA,NDAQ,BAC,C
MAR,HLT,CCL,CMCSA,RE,ICE,ALL,COST,LVS,UHS,EXPE
MMC,AON,J,SCHW,PFG,ADP,PAYX,NTRS,L,ACN,OMC
MLM,CAT,VMC,PPG,NUE,SNA,WRK,SWK,CE,FAST,PH
MAS,AOS,TT,POOL,EMR,PNR,LOW,LIN,ALLE,ECL,NWL
MA,FISV,FIS,BR,SBNY,BK,CMA,SYF,FLT,C,BAC
MTCH,MGM,NLSN,STZ,JKHY,BRO,WFC,PRU,ZION,BBWI,MAR
MKC,CPB,GIS,IFF,HRL,MDLZ,SJM,HSY,SYY,SEE,KHC
MCD,YUM,DPZ,DRI,HRL,K,CPB,TGT,CMG,SJM,GIS
MCK,VTRS,ABT,CTLT,CAH,UNH,STE,ABC,BRO,MRK,HOLX
MDT,BDX,BAX,TFX,EW,REGN,PFE,ZBH,ISRG,BMY,CAH
MRK,CAH,PFE,VTRS,BAX,ABC,GILD,MCK,JNJ,TMO,IDXX
MET,CINF,BRO,PRU,L,RE,PFG,CI,LNC,AJG,WFC
MTD,WAT,JCI,CMI,LYB,NWL,DOV,AME,IR,TECH,LIN
MGM,CZR,LVS,NFLX,VICI,WYNN,LUV,TTWO,DIS,FBHS,NCLH
MCHP,SNPS,WDC,NVDA,ANET,ADI,KEYS,CSCO,HPE,AMD,TER
MU,NXPI,AVGO,AMD,WDC,MCHP,STX,INTC,ZBRA,TER,MMM
MSFT,CDW,HPQ,TEL,ADBE,IQV,NOW,EFX,GPN,DHR,DD
MAA,ESS,AVB,UDR,KIM,ARE,CPT,BXP,PLD,PSA,HST
MRNA,GILD,PFE,INCY,BMY,ZTS,HOLX,TMO,TECH,VRTX,MRK
MHK,FBHS,SHW,DD,CHD,ROK,CARR,DHR,TEL,APH,XYL
MOH,GL,EXR,AWK,UNH,WBA,UHS,PSA,HUM,AVB,MAA
TAP,STZ,KDP,BF-B,MNST,PEP,KO,BBWI,CPB,CE,KHC
MDLZ,HSY,K,SJM,GIS,MKC,DG,KHC,HRL,PEP,IFF
MPWR,ADI,AVGO,TXN,SNPS,LRCX,KLAC,TER,NXPI,SWKS,ENPH
MNST,KO,SJM,KDP,STZ,BF-B,HSY,CE,VLO,PEP,ALB
MCO,NWS,NWSA,BR,FISV,C,ICE,PRU,FIS,BK,MS
MS,GS,C,BAC,STT,RJF,BK,USB,SCHW,FIS,NTRS
MSI,QRVO,LUMN,ANET,J,KEYS,DXC,EPAM,FTNT,MCHP,CSCO
MSCI,AMP,GS,SIVB,PFG,STT,NTRS,FISV,BRO,SCHW,PRU
NDAQ,FIS,C,MS,STT,BR,FISV,BK,MKTX,USB,MA
NTAP,NOW,FFIV,CTXS,LUMN,ANET,ORCL,AKAM,ADP,IBM,MSFT
NFLX,DISH,CZR,PYPL,MGM,VZ,TTWO,EA,CHTR,LUV,TMUS
NWL,PG,WHR,MTD,GIS,CL,COST,LOW,ITW,MAS,CLX
NEM,EOG,FCX,XOM,FANG,CTRA,PXD,ATO,PNW,MRO,EVRG
NWS,NWSA,SPGI,FISV,C,WFC,FIS,NLSN,CSGP,BAC,PRU
NWSA,NWSA,SPGI,FISV,C,WFC,FIS,NLSN,CSGP,BAC,PRU
NEE,PEG,AEP,WEC,NRG,FE,ETR,DUK,EVRG,SO,EXC
NLSN,IPG,OMC,NWSA,NWS,CMCSA,BR,FISV,RE,LUMN,VRSK
NKE,RL,VFC,ALLE,GWW,FAST,SNA,TPR,AVY,GRMN,COST
NI,PPL,FE,SRE,ATO,D,WEC,NRG,EVRG,DTE,DUK
NDSN,IR,TT,DOV,WAT,PH,AME,FTV,APTV,APD,GWW
NSC,CSX,UNP,ADM,BRK-B,CHRW,DE,MPC,CAT,GWW,RSG
NTRS,SCHW,RJF,PFG,C,MS,GS,BAC,STT,SIVB,AMP
NOC,HON,LMT,TDG,BA,GD,LHX,TXT,RTX,ETN,HWM
NLOK,FTNT,AKAM,ANET,CSCO,CHTR,HPE,FFIV,WDC,MCHP,CTXS
NCLH,CCL,RCL,LUV,AAL,BBWI,MGM,MAR,AVB,UAL,ALK
NRG,FE,WEC,EVRG,NI,DUK,D,PNW,NEE,PPL,AEP
NUE,FAST,MLM,SWK,VMC,PH,GWW,IR,WRK,CAT,SNA
NVDA,WDC,MCHP,AMD,ADSK,HPE,INTC,STX,SNPS,KEYS,TDY
NVR,LEN,DHI,PHM,LOW,HD,URI,KEY,WRB,FITB,FBHS
NXPI,SWKS,AVGO,QRVO,AMD,MPWR,SNPS,MCHP,KLAC,WDC,TER
OXY,CVX,HES,VLO,XOM,OKE,MPC,COP,MRO,PSX,BKR
ODFL,JBHT,PCAR,FDX,UNP,WM,ATO,ZION,F,VLO,NSC
OMC,AON,BR,ACN,PFG,ALLE,FISV,ORCL,STT,GWW,NLSN
OKE,WMB,CTRA,OXY,MPC,CNP,HES,XOM,MRO,KMI,COP
ON,ADI,ENPH,APH,DD,TER,TDY,MPWR,QRVO,KEYS,AMAT
ORCL,CTXS,NOW,ANET,IBM,LUMN,ROP,EPAM,ACN,CSCO,FFIV
ORLY,AZO,GPC,AAP,APTV,SWK,GM,GWW,LOW,TSLA,CAT
OGN,PFE,HUM,BSX,BMY,BAX,HOLX,VTRS,CAH,GILD,MRK
OTIS,JCI,AVB,LIN,EMR,AOS,WAB,MTD,EIX,FE,BBWI
PCAR,F,ODFL,GM,CHRW,GPC,LKQ,KMX,TEL,ADM,COST
PKG,IP,WRK,AMCR,MO,KR,AVY,NSC,RSG,IPG,CTAS
PH,IR,DOV,NDSN,PPG,APTV,FTV,HWM,AME,KEYS,APD
PAYX,PAYC,ADP,J,EFX,AON,GWW,PFG,MMC,CSGP,ROP
PAYC,PAYX,ADP,CSGP,CTXS,INTU,EFX,VRSK,ROP,NOW,DXC
PYPL,EBAY,NFLX,DFS,MA,VZ,EXPE,FLT,CPRT,DISH,ETSY
PNR,POOL,AOS,MAS,ECL,XYL,TT,CL,NWL,TMO,EMR
PEP,KO,K,SJM,STZ,CPB,GIS,MDLZ,KHC,COST,HSY
PKI,TMO,TECH,BIO,ILMN,ECL,IDXX,AON,BAX,PFE,WST
PFE,GILD,BMY,BAX,WST,BDX,TMO,MRK,CAH,ABC,OGN
PM,MO,KO,MRO,VZ,DG,RSG,KDP,PKG,STZ,CNP
PSX,BKR,KMI,SLB,AEE,OXY,HES,CVX,COP,MPC,WMB
PNW,EVRG,FE,NRG,NI,WEC,NEE,SRE,DUK,EIX,PPL
PXD,FANG,DVN,MRO,CTRA,EOG,ATO,XOM,SRE,NI,NEM
POOL,PNR,MAS,AOS,ECL,WST,MDT,ABC,TECH,TMO,XYL
PPG,AVY,PH,DOV,SNA,APD,NDSN,FTV,WRK,ALLE,MLM
PPL,NI,D,FE,DTE,NRG,ED,EVRG,SRE,WEC,DUK
PFG,STT,NTRS,SCHW,FIS,HIG,FISV,BAC,RE,BR,AON
PLD,KIM,SPG,ARE,BXP,AVB,HST,IRM,PSA,CPT,MAA
PRU,AMP,WFC,BRO,C,GS,RE,LNC,L,BAC,SIVB
PTC,DXC,HPE,ZBRA,MCHP,ISRG,SNPS,NOW,WAT,NVDA,EPAM
PEG,NEE,WEC,FE,ES,DUK,NRG,ETR,NI,AEE,CMS
PSA,EXR,AVB,PLD,DRE,ESS,MAA,O,ARE,KIM,ED
PHM,DHI,LEN,NVR,AVB,LOW,MAA,HD,BXP,AMT,FBHS
QRVO,GRMN,MSI,NXPI,SWKS,T,LUMN,AVGO,WDC,KEYS,TER
QCOM,APH,CDW,QRVO,IEX,ADBE,TEL,SBAC,MSFT,DHR,T
PWR,IR,ANSS,EMR,AES,SEDG,ENPH,FTV,KEYS,ETN,AEP
DGX,CAH,LH,ABC,TMO,TECH,BAX,WAT,BDX,IDXX,GWW
RL,TPR,AVY,NKE,EL,VFC,AMCR,ULTA,COST,IFF,LOW
RJF,C,NTRS,MS,WFC,SIVB,BAC,GS,STT,SCHW,BR
RTX,BA,GD,LMT,HWM,TXT,NOC,IBM,HON,JCI,GE
O,PSA,MAA,ESS,PLD,AVB,UDR,HST,KIM,EXR,ARE
REG,EQR,HST,BXP,UDR,KIM,VICI,SPG,FRT,PEAK,DLR
REGN,BMY,ABBV,MDT,BIIB,BAX,AMGN,PFE,GILD,WST,EW
RF,COF,TFC,CBRE,AXP,MTB,HBAN,BAC,TRV,WFC,FITB
RSG,WM,NSC,MLM,MPC,EMN,CHRW,GWW,L,OKE,APD
RMD,CAH,BDX,BAX,ISRG,MDT,WST,BMY,ALGN,BIIB,TFX
RHI,EFX,TEL,IQV,GPN,CDW,IT,VRSK,MSFT,ROK,J
ROK,TEL,HPQ,DD,DHR,EFX,CDW,RHI,APH,MHK,MSFT
ROL,IDXX,ZTS,AIZ,CI,LOW,ROP,VRSK,COST,L,FMC
ROP,EPAM,CTXS,ANSS,ORCL,TRMB,NOW,ANET,LUMN,IBM,DXC
ROST,DLTR,WBA,TJX,TGT,BBWI,DG,FDX,VZ,KMX,ULTA
RCL,CCL,NCLH,CPT,LUV,AAL,BBWI,HST,ESS,PSA,CZR
SPGI,AMP,PFG,FIS,C,SCHW,FISV,MSCI,WFC,BAC,MS
CRM,DXC,NOW,CSGP,PTC,ADP,DLR,CTXS,ANET,AKAM,CTSH
SBAC,QCOM,T,CHTR,LUMN,QRVO,MSI,GRMN,AIZ,ROP,ENPH
SLB,BKR,GE,PSX,JCI,NRG,AEE,BWA,KMI,WEC,SO
STX,WDC,HPE,LUMN,NVDA,ANET,ZBRA,SWKS,ORCL,INTC,GLW
SEE,HRL,MKC,GIS,SYY,CPB,TSN,ITW,SJM,K,CAG
SRE,NI,ATO,D,DUK,PPL,FE,WEC,NRG,PNW,CNP
NOW,CTXS,ORCL,ANET,FFIV,ADP,EPAM,NTAP,AKAM,MSFT,ACN
SBNY,CMA,BAC,STT,FRC,CFG,USB,C,FIS,MTB,WFC
SPG,PLD,KIM,VICI,BXP,AMT,HST,IRM,EQR,CPT,WY
SWKS,NXPI,AVGO,KEYS,GLW,APH,QRVO,KLAC,LUMN,WDC,TER
SNA,DOV,SWK,ALLE,GWW,PPG,AVY,FAST,FTV,GPC,WRK
SEDG,ENPH,PWR,GE,NRG,SLB,CMI,MPWR,GNRC,AEP,AES
LUV,AAL,DAL,BA,ALK,UAL,NFLX,NCLH,AVB,MGM,CZR
SWK,EMR,GWW,SNA,LIN,GPC,DOV,FAST,AVY,CAT,ORLY
STT,MS,BR,PFG,BAC,C,SCHW,FIS,USB,FISV,CMA
STE,ABT,CLX,MCK,CTLT,BAX,VTRS,HOLX,CAH,ZBH,BDX
SYK,ZBH,ALGN,BIIB,CAH,VRTX,RMD,GILD,HOLX,ABBV,BDX
SIVB,GS,WFC,AMP,C,JPM,HBAN,RJF,BAC,NTRS,MS
SYF,KEY,USB,COF,CFG,FITB,BAC,FRC,CMA,HBAN,PNC
SNPS,CDNS,LRCX,ADI,KEYS,MCHP,TER,AVGO,MPWR,KLAC,NXPI
SYY,KHC,GIS,CAG,HRL,LW,CPB,K,COST,SJM,TGT
TTWO,EA,ATVI,DIS,HAS,GOOG,GOOGL,ZBRA,NVDA,GRMN,CPRT
TPR,VFC,RL,ULTA,KMB,HSY,COST,BBWI,SJM,CHD,CE
TGT,KR,CAG,GIS,HRL,COST,SYY,WBA,BBWI,WMT,SJM
TEL,APH,ROK,DD,CDW,HPQ,DHR,IEX,EFX,MSFT,LDOS
TDY,ADI,KEYS,EMR,DXC,FTV,LIN,GLW,PH,MCHP,DOW
TFX,BDX,MDT,BAX,PFE,WST,BMY,ISRG,RMD,REGN,BSX
TER,KLAC,AVGO,LRCX,ZBRA,KEYS,CDNS,ADI,SNPS,INTC,ANSS
TSLA,BWA,AME,GM,EMR,LIN,AAP,ZBRA,ORLY,BBY,GWW
TXN,AME,MPWR,ADI,AVGO,TER,KLAC,ZBRA,INTC,GLW,JNPR
TXT,BA,TDG,RTX,NOC,GD,HON,DAL,HWM,EXPD,LHX
AES,AEP,XEL,EXC,NEE,ETR,SO,NRG,CNP,PWR,AEE
ALL,AIG,CB,HIG,L,BRO,RE,CTAS,AJG,CI,PGR
BK,C,MS,BAC,USB,FRC,WFC,KEY,FIS,CFG,STT
BA,RTX,GD,TXT,NOC,HON,LMT,HWM,TDG,IBM,LUV
SCHW,NTRS,STT,PFG,MS,CMA,C,FISV,BAC,GS,AJG
CLX,STE,CTLT,ABT,PG,CL,MCK,MMM,IFF,VTRS,WHR
KO,PEP,BF-B,MNST,STZ,KDP,KHC,MDLZ,IFF,COST,CE
COO,HOLX,ZBH,OGN,ALGN,CAH,REGN,JNJ,BDX,WST,RMD
EL,IFF,PG,CL,AVY,RL,PPG,JNJ,CTLT,CLX,ALLE
GS,SIVB,MS,AMP,WFC,NTRS,MSCI,HBAN,C,RJF,BAC
HIG,L,AIG,BAC,AJG,RE,USB,WRB,PFG,STT,BRO
HSY,SJM,MDLZ,K,CHD,GIS,HRL,LW,CPB,MNST,KHC
HD,LOW,LEN,NVR,DHI,URI,FBHS,PHM,COST,AIZ,WHR
IPG,NLSN,OMC,WRB,UAL,MCO,BR,AAL,ICE,NWS,NWSA
SJM,HSY,HRL,GIS,MDLZ,K,CHD,CPB,PEP,MKC,MNST
KHC,SYY,COST,CPB,LW,GIS,HRL,K,MDLZ,SJM,CAG
KR,COST,TGT,LOW,CAG,KDP,WBA,WMT,ABC,PNC,GIS
MOS,SJM,ADM,HSY,BRK-B,CHD,ALB,CE,OXY,APH,VLO
PNC,FITB,KEY,BAC,CFG,C,USB,WFC,FRC,JKHY,BK
PG,CL,CLX,IFF,NWL,EL,BBWI,JNJ,KMB,ULTA,ABT
PGR,TRV,L,AXP,COF,CINF,TFC,HUM,AIG,WRB,TYL
TMO,BIO,TECH,PKI,ILMN,PFE,BAX,BDX,CAH,ECL,CTLT
SHW,FBHS,MHK,HPQ,CHD,TEL,VFC,KMB,DD,DHR,CARR
SO,WEC,XEL,DUK,NRG,NEE,CNP,NI,AEP,EVRG,XOM
TJX,BBWI,COST,ROST,WHR,CAG,BRO,LOW,INTU,KR,CTAS
TRV,PGR,AXP,CBRE,RF,EFX,L,COF,TFC,WRB,HIG
DIS,CMCSA,TTWO,LVS,NFLX,MGM,EA,HAS,ATVI,HLT,CZR
WMB,OKE,MPC,HES,CVX,KMI,MRO,CTRA,OXY,COP,BKR
TMUS,VZ,T,WDC,LUMN,COST,GOOG,GOOGL,CCI,AAPL,QRVO
TSCO,DE,NSC,ADM,LOW,KR,FMC,COST,CTVA,LEN,ODFL
TT,EMR,NDSN,APD,IR,MAS,FTV,GWW,JCI,ALLE,LIN
TDG,HON,TXT,NOC,BA,ETN,RTX,HWM,APD,LHX,GD
TRMB,ANSS,EPAM,FTV,ACN,ROP,DXC,NOW,TDY,KEYS,PTC
TROW,CBRE,BLK,RF,IVZ,IT,COF,EFX,ADBE,RJF,RHI
TFC,COF,RF,HBAN,FRC,TRV,USB,SYF,KEY,WFC,AXP
TWTR,ADBE,BR,EBAY,FLT,AKAM,MA,NWSA,NWS,MKTX,EXPE
TYL,EFX,TRV,GPN,VRSK,AXP,RHI,PGR,CDW,IQV,IEX
TSN,HRL,SEE,LW,MCD,GIS,YUM,SYY,K,ADM,CPB
UDR,HST,ARE,BXP,MAA,VTR,CPT,IRM,PLD,KIM,VNO
ULTA,BBWI,WBA,RL,PG,TPR,TGT,KR,EL,ABT,LOW
UNP,NSC,CSX,WAB,OKE,XOM,WEC,BRK-B,NEE,KMI,ODFL
UAL,AAL,DAL,EXPD,LUV,IPG,LNC,RE,RTX,AIZ,CHRW
UNH,MCK,GL,CNC,CVS,VTRS,CI,ABT,LNC,HUM,BRO
UPS,EXPD,DAL,CHRW,L,GWW,WRB,RE,AIZ,HIG,AJG
URI,NVR,LOW,HD,LEN,SWK,DHI,GWW,CHRW,WRB,GPC
UHS,VTRS,HCA,MCK,ABT,CAH,UNH,AAL,CI,BBWI,MET
USB,BAC,KEY,CFG,CMA,C,PNC,SYF,MS,HBAN,STT
VLO,OXY,MPC,XOM,DUK,WEC,CMI,ALB,CF,CE,LNT
VTR,WELL,UDR,PEAK,HST,ARE,PLD,IRM,EQR,VICI,CPT
VRSN,ANET,CSCO,FTNT,LUMN,AKAM,CTXS,T,ORCL,ICE,NOW
VRSK,EFX,IQV,GPN,CDW,RHI,TEL,TYL,AXP,BR,IT
VZ,TMUS,T,CHTR,DISH,LUMN,ANET,WDC,AIZ,NFLX,COST
VRTX,INCY,BIIB,ABBV,GILD,BMY,SYK,HOLX,AMGN,MRNA,REGN
VFC,TPR,SHW,KMB,TEL,APH,NKE,RL,HPQ,COST,TRV
VTRS,MCK,ABT,CAH,MRK,BAX,CTLT,PFE,STE,ZBH,UNH
VICI,HST,WYNN,BXP,CZR,SPG,MGM,PLD,KIM,AMT,IRM
VNO,ARE,CPT,KIM,UDR,PLD,AVB,EQR,IRM,BXP,MAA
VMC,MLM,CAT,MMM,JCI,HWM,NUE,NSC,CSX,FCX,BKR
WBA,BBWI,ULTA,ABC,TGT,KR,VTRS,MCK,OGN,LLY,ABT
WMT,AMZN,KR,HSY,TGT,COST,SJM,FBHS,EXPE,GPN,AXP
WM,RSG,ATO,XOM,ODFL,NI,WEC,DTE,UNP,ES,VLO
WAT,TECH,NDSN,AME,EPAM,GWW,EMR,IR,MTD,DOV,FTV
WEC,NRG,NI,FE,DUK,PEG,SO,AEE,NEE,EVRG,D
WFC,SIVB,BAC,AMP,HBAN,C,FITB,JKHY,GS,FRC,RJF
WELL,VTR,PEAK,MAA,EQR,AVB,PLD,ARE,ESS,HST,VNO
WDC,STX,NVDA,MCHP,INTC,ANET,BBY,HPE,SWKS,AAPL,GLW
WAB,UNP,CSX,IR,NSC,TSLA,OTIS,TER,JCI,ORLY,ETR
WST,PFE,BMY,GILD,BDX,MDT,BAX,TFX,ABC,CAH,REGN
WRK,IP,PKG,AMCR,GWW,DOV,ZBRA,AVY,APH,DOW,FAST
WY,CPT,PLD,BXP,HST,KIM,AMT,UDR,IRM,SPG,ARE
WHR,NWL,JCI,CLX,COST,MMM,LOW,GIS,K,DE,MAS
WRB,L,HIG,AJG,RE,AIG,TRV,KEY,USB,CINF,LNC
GWW,FAST,ALLE,EMR,SWK,DOV,CTAS,LIN,COST,WAT,SNA
WYNN,VICI,CZR,MGM,HST,IRM,PLD,DRI,KIM,SPG,EXR
XEL,AES,AEP,SO,EXC,CNP,NEE,ETR,NRG,WEC,BRK-B
XYL,IEX,DHR,CARR,TEL,APH,FBHS,DD,PNR,CDW,IQV
YUM,MCD,DPZ,DRI,K,HRL,CMG,HSY,CPB,EXR,SJM
ZBRA,TER,CDNS,DXC,TECH,STX,AME,WRK,MCHP,WAT,LUMN
ZBH,BAX,CAH,BDX,MDT,SYK,ABT,VTRS,STE,MRK,JNJ
ZION,WFC,FITB,FRC,JKHY,HBAN,KEY,COF,PNC,JPM,CFG
ZTS,IDXX,MRK,PFE,MRNA,BMY,ROL,AMGN,IFF,GILD,REGN
